测试时间/Sec,电流/A,容量/Ah,SOC|DOD/%,电压/V,测试时间/Sec.1,电流/A.1,容量/Ah.1,SOC|DOD/%.1,电压/V.1
0,0.49,0.0,100.0,4.194,0,-0.474,0.0,94.0,4.077
10,0.495,0.0014,99.82,4.192,10,-0.478,0.0013,93.8,4.073
20,0.5,0.0028,99.64,4.19,20,-0.482,0.0026,93.6,4.069
30,0.505,0.0042,99.46,4.188000000000001,30,-0.486,0.0039,93.4,4.056
40,0.51,0.0056,99.28,4.17,40,-0.474,0.0052,93.2,4.0520000000000005
50,0.49,0.007,99.1,4.168,50,-0.478,0.0065,93.0,4.048
60,0.495,0.0084,98.92,4.166,60,-0.482,0.0078,92.8,4.035
70,0.5,0.0098,98.74,4.164000000000001,70,-0.486,0.0091,92.6,4.031
80,0.505,0.0112,98.56,4.146,80,-0.474,0.0104,92.4,4.027
90,0.51,0.0126,98.38,4.144,90,-0.478,0.011699999999999999,92.2,4.014
100,0.49,0.014,98.2,4.142,100,-0.482,0.013,92.0,4.01
110,0.495,0.0154,98.02,4.140000000000001,110,-0.486,0.0143,91.8,4.006
120,0.5,0.0168,97.84,4.122,120,-0.474,0.0156,91.6,3.993
130,0.505,0.0182,97.66,4.12,130,-0.478,0.0169,91.4,3.989
140,0.51,0.0196,97.48,4.118,140,-0.482,0.0182,91.2,3.9850000000000003
150,0.49,0.021,97.3,4.1160000000000005,150,-0.486,0.0195,91.0,3.972
160,0.495,0.0224,97.12,4.098,160,-0.474,0.0208,90.8,3.968
170,0.5,0.023799999999999998,96.94,4.096,170,-0.478,0.022099999999999998,90.6,3.964
180,0.505,0.0252,96.76,4.094,180,-0.482,0.023399999999999997,90.4,3.951
190,0.51,0.0266,96.58,4.0920000000000005,190,-0.486,0.0247,90.2,3.947
200,0.49,0.028,96.4,4.074,200,-0.474,0.026,90.0,3.943
210,0.495,0.0294,96.22,4.072,210,-0.478,0.027299999999999998,89.8,3.93
220,0.5,0.0308,96.04,4.07,220,-0.482,0.0286,89.6,3.926
230,0.505,0.0322,95.86,4.0680000000000005,230,-0.486,0.0299,89.4,3.922
240,0.51,0.0336,95.68,4.05,240,-0.474,0.0312,89.2,3.909
250,0.49,0.034999999999999996,95.5,4.048,250,-0.478,0.0325,89.0,3.9050000000000002
260,0.495,0.0364,95.32,4.046,260,-0.482,0.0338,88.8,3.9010000000000002
270,0.5,0.0378,95.14,4.0440000000000005,270,-0.486,0.0351,88.6,3.888
280,0.505,0.0392,94.96,4.026,280,-0.474,0.0364,88.4,3.884
290,0.51,0.0406,94.78,4.024,290,-0.478,0.0377,88.2,3.8800000000000003
